姓名,照片,座位号,企业,职称,电话
比尔盖茨,比尔盖茨,3,中联,教授,12345678901
张三,张三2,1,北通,经理,3214567
乔布斯,Steve Jobs,4,电科,CTO,1008611
王五,王五,5,西南,技术,2345678
测试1,1,101,西南,技术,11922084124
测试2,2,102,西南,技术,12114241228
测试3,3,103,西南,技术,5849468863
测试4,4,104,西南,技术,5550871366
测试5,5,105,西南,技术,8034363427
测试6,6,106,西南,技术,7469030449
测试7,7,107,西南,技术,11704748700
测试8,8,108,西南,技术,7962734147
测试9,9,109,西南,技术,6415727221
测试10,10,110,西南,技术,7048391781
测试11,11,111,西南,技术,11755842215
测试12,12,112,西南,技术,8283265972
测试13,13,113,西南,技术,12033677031
测试14,14,114,西南,技术,10243854194
测试15,15,115,西南,技术,4576560042
测试16,16,116,西南,技术,2669761274
测试17,17,117,西南,技术,6128010371
测试18,18,118,西南,技术,3617833899
测试19,19,119,西南,技术,10036027262
测试20,20,120,西南,技术,7466727626
测试21,21,121,西南,技术,4049361332
测试22,22,122,西南,技术,6190360061
测试23,23,123,西南,技术,5100158085
测试24,24,124,西南,技术,9538605779
测试25,25,125,西南,技术,2782887935
测试26,26,126,西南,技术,10313890136
测试27,27,127,西南,技术,12263175632
测试28,28,128,西南,技术,7388868553
测试29,29,129,西南,技术,6245892310
测试30,30,130,西南,技术,2433706454
测试31,31,131,西南,技术,4705633303
测试32,32,132,西南,技术,7891598171
测试33,33,133,西南,技术,9780503891
测试34,34,134,西南,技术,3952849533
测试35,35,135,西南,技术,7801911390
测试36,36,136,西南,技术,5954147585
测试37,37,137,西南,技术,6078461417
测试38,38,138,西南,技术,4859432697
测试39,39,139,西南,技术,6173575123
测试40,40,140,西南,技术,12080907917
测试41,41,141,西南,技术,10828800851
测试42,42,142,西南,技术,3301165448
测试43,43,143,西南,技术,7582738589
测试44,44,144,西南,技术,4170452610
测试45,45,145,西南,技术,5983795426
测试46,46,146,西南,技术,8179056793
测试47,47,147,西南,技术,4142491049
测试48,48,148,西南,技术,8665216181
测试49,49,149,西南,技术,9095696283
测试50,50,150,西南,技术,11382904019
测试51,51,151,西南,技术,9864001952
测试52,52,152,西南,技术,2877200034
测试53,53,153,西南,技术,3372595440
测试54,54,154,西南,技术,11131465687
测试55,55,155,西南,技术,6587422696
测试56,56,156,西南,技术,12017952724
测试57,57,157,西南,技术,7930472677
测试58,58,158,西南,技术,2574070949
测试59,59,159,西南,技术,10948037579
测试60,60,160,西南,技术,7482434609
测试61,61,161,西南,技术,5838661281
测试62,62,162,西南,技术,8943864936
测试63,63,163,西南,技术,11174658210
测试64,64,164,西南,技术,6173597136
测试65,65,165,西南,技术,4061524517
测试66,66,166,西南,技术,2450877057
测试67,67,167,西南,技术,4380911520
测试68,68,168,西南,技术,7548044574
测试69,69,169,西南,技术,10098419786
测试70,70,170,西南,技术,4634901191
测试71,71,171,西南,技术,3147466634
测试72,72,172,西南,技术,6214632408
测试73,73,173,西南,技术,6201061219
测试74,74,174,西南,技术,5095831443
测试75,75,175,西南,技术,10735879252
测试76,76,176,西南,技术,10038399377
测试77,77,177,西南,技术,5004176876
测试78,78,178,西南,技术,8503949762
测试79,79,179,西南,技术,9146212142
测试80,80,180,西南,技术,8234495707
测试81,81,181,西南,技术,7043866979
测试82,82,182,西南,技术,9396689702
测试83,83,183,西南,技术,4081356574
测试84,84,184,西南,技术,12316261117
测试85,85,185,西南,技术,3494726124
测试86,86,186,西南,技术,11884696419
测试87,87,187,西南,技术,8139509441
测试88,88,188,西南,技术,3668967616
测试89,89,189,西南,技术,6639355324
测试90,90,190,西南,技术,2443324629
测试91,91,191,西南,技术,11886406468
测试92,92,192,西南,技术,5546514067
测试93,93,193,西南,技术,7583195689
测试94,94,194,西南,技术,2738689179
测试95,95,195,西南,技术,6523750584
测试96,96,196,西南,技术,7914213579
测试97,97,197,西南,技术,4454312474
测试98,98,198,西南,技术,2390877576
测试99,99,199,西南,技术,8046466218
测试100,100,200,西南,技术,10805878906
测试101,101,201,西南,技术,8056435091
测试102,102,202,西南,技术,3324230064
测试103,103,203,西南,技术,6891551941
测试104,104,204,西南,技术,5700736505
测试105,105,205,西南,技术,11720086585
测试106,106,206,西南,技术,4059203085
测试107,107,207,西南,技术,2672891151
测试108,108,208,西南,技术,12133789688
测试109,109,209,西南,技术,5967466697
测试110,110,210,西南,技术,5424690348
测试111,111,211,西南,技术,7161105684
测试112,112,212,西南,技术,11586241167
测试113,113,213,西南,技术,11934019574
测试114,114,214,西南,技术,9231639536
测试115,115,215,西南,技术,8285313195
测试116,116,216,西南,技术,5379374386
测试117,117,217,西南,技术,6160872761
测试118,118,218,西南,技术,6656661216
测试119,119,219,西南,技术,6955597009
测试120,120,220,西南,技术,11343437538
测试121,121,221,西南,技术,7545865718
测试122,122,222,西南,技术,7073987478
测试123,123,223,西南,技术,4302383986
测试124,124,224,西南,技术,9434624793
测试125,125,225,西南,技术,3138092483
测试126,126,226,西南,技术,10031741791
测试127,127,227,西南,技术,3045736094
测试128,128,228,西南,技术,10243424628
测试129,129,229,西南,技术,3800949469
测试130,130,230,西南,技术,12297686150
测试131,131,231,西南,技术,5897346599
测试132,132,232,西南,技术,6464891863
测试133,133,233,西南,技术,3830029342
测试134,134,234,西南,技术,3671923952
测试135,135,235,西南,技术,10984601638
测试136,136,236,西南,技术,11639374956
测试137,137,237,西南,技术,12014477161
测试138,138,238,西南,技术,6532072588
测试139,139,239,西南,技术,6337200627
测试140,140,240,西南,技术,12300831830
测试141,141,241,西南,技术,4791068764
测试142,142,242,西南,技术,5087030450
测试143,143,243,西南,技术,9650080654
测试144,144,244,西南,技术,8711633544
测试145,145,245,西南,技术,5713076404
测试146,146,246,西南,技术,12140638311
测试147,147,247,西南,技术,8570798467
测试148,148,248,西南,技术,5503126418
测试149,149,249,西南,技术,12275374266
测试150,150,250,西南,技术,3253832233
测试151,151,251,西南,技术,5423227226
测试152,152,252,西南,技术,2479032596
测试153,153,253,西南,技术,5196918634
测试154,154,254,西南,技术,11396085782
测试155,155,255,西南,技术,9888654904
测试156,156,256,西南,技术,4615734024
测试157,157,257,西南,技术,8241464515
测试158,158,258,西南,技术,6339060088
测试159,159,259,西南,技术,2611606736
测试160,160,260,西南,技术,7444335464
测试161,161,261,西南,技术,8581339796
测试162,162,262,西南,技术,11912321824
测试163,163,263,西南,技术,4406347753
测试164,164,264,西南,技术,4182849333
测试165,165,265,西南,技术,6634490850
测试166,166,266,西南,技术,5137022355
测试167,167,267,西南,技术,5202528673
测试168,168,268,西南,技术,10551364372
测试169,169,269,西南,技术,4047081962
测试170,170,270,西南,技术,7447835471
测试171,171,271,西南,技术,5706042972
测试172,172,272,西南,技术,9476285562
测试173,173,273,西南,技术,9915790056
测试174,174,274,西南,技术,3993043842
测试175,175,275,西南,技术,8844011334
测试176,176,276,西南,技术,9009386912
测试177,177,277,西南,技术,2541295674
测试178,178,278,西南,技术,8462760798
测试179,179,279,西南,技术,6271907002
测试180,180,280,西南,技术,11308416092
测试181,181,281,西南,技术,9303828175
测试182,182,282,西南,技术,10832057928
测试183,183,283,西南,技术,6274073252
测试184,184,284,西南,技术,5053696614
测试185,185,285,西南,技术,9596591623
测试186,186,286,西南,技术,9885039290
测试187,187,287,西南,技术,9137349682
测试188,188,288,西南,技术,6158769704
测试189,189,289,西南,技术,7773640163
测试190,190,290,西南,技术,11041113124
测试191,191,291,西南,技术,3604531764
测试192,192,292,西南,技术,7675923608
测试193,193,293,西南,技术,6443705804
测试194,194,294,西南,技术,5421953724
测试195,195,295,西南,技术,5258666635
测试196,196,296,西南,技术,3073472771
测试197,197,297,西南,技术,9427558479
测试198,198,298,西南,技术,5555830281
测试199,199,299,西南,技术,9004137697
测试200,200,300,西南,技术,6614449205
测试201,201,301,西南,技术,6682205606
测试202,202,302,西南,技术,11716179971
测试203,203,303,西南,技术,7059543948
测试204,204,304,西南,技术,11864490402
测试205,205,305,西南,技术,5310191302
测试206,206,306,西南,技术,2692520585
测试207,207,307,西南,技术,9770577552
测试208,208,308,西南,技术,7561026912
测试209,209,309,西南,技术,2351537135
测试210,210,310,西南,技术,10316271835
测试211,211,311,西南,技术,3917133466
测试212,212,312,西南,技术,7255250339
测试213,213,313,西南,技术,5128968231
测试214,214,314,西南,技术,5104623061
测试215,215,315,西南,技术,6181001740
测试216,216,316,西南,技术,10702484880
测试217,217,317,西南,技术,8213355091
测试218,218,318,西南,技术,12225927492
测试219,219,319,西南,技术,6079233705
测试220,220,320,西南,技术,4016025524
测试221,221,321,西南,技术,2999579740
测试222,222,322,西南,技术,4451103809
测试223,223,323,西南,技术,7752692257
测试224,224,324,西南,技术,3192535148
测试225,225,325,西南,技术,8000682474
测试226,226,326,西南,技术,10039626781
测试227,227,327,西南,技术,4083277702
测试228,228,328,西南,技术,8385262957
测试229,229,329,西南,技术,9718681186
测试230,230,330,西南,技术,9917580029
测试231,231,331,西南,技术,9180949610
测试232,232,332,西南,技术,3747273854
测试233,233,333,西南,技术,11975295698
测试234,234,334,西南,技术,8105132505
测试235,235,335,西南,技术,11783902745
测试236,236,336,西南,技术,9627014776
测试237,237,337,西南,技术,4101265777
测试238,238,338,西南,技术,7936656879
测试239,239,339,西南,技术,5768655647
测试240,240,340,西南,技术,11759732636
测试241,241,341,西南,技术,8518316171
测试242,242,342,西南,技术,7764779899
测试243,243,343,西南,技术,3488233485
测试244,244,344,西南,技术,9342335507
测试245,245,345,西南,技术,7274600724
测试246,246,346,西南,技术,3091914386
测试247,247,347,西南,技术,3325203875
测试248,248,348,西南,技术,8887664675
测试249,249,349,西南,技术,11283795913
测试250,250,350,西南,技术,3325280302
测试251,251,351,西南,技术,11348272796
测试252,252,352,西南,技术,9584924695
测试253,253,353,西南,技术,9767018022
测试254,254,354,西南,技术,3654171186
测试255,255,355,西南,技术,9209519161
测试256,256,356,西南,技术,4374829337
测试257,257,357,西南,技术,10689423561
测试258,258,358,西南,技术,2458321746
测试259,259,359,西南,技术,10773090696
测试260,260,360,西南,技术,11709897185
测试261,261,361,西南,技术,2931313400
测试262,262,362,西南,技术,12318379157
测试263,263,363,西南,技术,3556131766
测试264,264,364,西南,技术,4712129622
测试265,265,365,西南,技术,11098290281
测试266,266,366,西南,技术,10003928392
测试267,267,367,西南,技术,3870299696
测试268,268,368,西南,技术,7159623132
测试269,269,369,西南,技术,5644488134
测试270,270,370,西南,技术,8295578987
测试271,271,371,西南,技术,9110241021
测试272,272,372,西南,技术,3960798203
测试273,273,373,西南,技术,9060513188
测试274,274,374,西南,技术,8495617231
测试275,275,375,西南,技术,2386137515
测试276,276,376,西南,技术,9997902095
测试277,277,377,西南,技术,5269708380
测试278,278,378,西南,技术,8306450393
测试279,279,379,西南,技术,12342012454
测试280,280,380,西南,技术,7366816829
测试281,281,381,西南,技术,5002039664
测试282,282,382,西南,技术,8803752154
测试283,283,383,西南,技术,4706060213
测试284,284,384,西南,技术,6339062126
测试285,285,385,西南,技术,7407651125
测试286,286,386,西南,技术,6993794633
测试287,287,387,西南,技术,5867170979
测试288,288,388,西南,技术,9538724570
测试289,289,389,西南,技术,6326954348
测试290,290,390,西南,技术,5502706795
测试291,291,391,西南,技术,7672047689
测试292,292,392,西南,技术,4001628700
测试293,293,393,西南,技术,11255649412
测试294,294,394,西南,技术,11689940609
测试295,295,395,西南,技术,7728283991
测试296,296,396,西南,技术,8921478274
测试297,297,397,西南,技术,3809247866
测试298,298,398,西南,技术,6227963981
测试299,299,399,西南,技术,4975335685
测试300,300,400,西南,技术,6500586553
测试301,301,401,西南,技术,3895445451
测试302,302,402,西南,技术,6622175431
测试303,303,403,西南,技术,3443393638
测试304,304,404,西南,技术,2502668922
测试305,305,405,西南,技术,4900282066
测试306,306,406,西南,技术,4772817222
测试307,307,407,西南,技术,7614225281
测试308,308,408,西南,技术,6512955974
